{
    "schools": [
      {
        "id": 11,
        "latLng": [59.920893, 30.464058]
      },
      {
        "id": 12,
        "latLng": [59.93093, 30.464058]
      },
      {
        "id": 593,
        "latLng": [59.91955143654443, 30.48936724662781]
      },
      {
        "id": 332,
        "latLng": [59.91905401787926, 30.48738241195679]
      }
      
    ]
}